{
  "placeholderImages": [
    {
      "id": "hero-image",
      "description": "A stylish, modern living room with a comfortable sofa and artistic decor.",
      "imageUrl": "https://images.unsplash.com/photo-1648536474504-7bbf8a1ee3ab?crop=entropy&cs=tinysrgb&fit=max&fm=jpg&ixid=M3w3NDE5ODJ8MHwxfHNlYXJjaHwxMHx8bW9kZXJuJTIwbGl2aW5nLXJvb218ZW58MHx8fHwxNzYxMzYzMTgxfDA&ixlib=rb-4.1.0&q=80&w=1080",
      "imageHint": "modern living-room"
    },
    {
      "id": "prod-1",
      "description": "Minimalist wooden chair against a plain wall.",
      "imageUrl": "https://images.unsplash.com/photo-1696308276410-a3738fabdf71?crop=entropy&cs=tinysrgb&fit=max&fm=jpg&ixid=M3w3NDE5ODJ8MHwxfHNlYXJjaHw3fHxtaW5pbWFsaXN0JTIwY2hhaXJ8ZW58MHx8fHwxNzYxNDEzMDMxfDA&ixlib=rb-4.1.0&q=80&w=1080",
      "imageHint": "minimalist chair"
    },
    {
      "id": "prod-2",
      "description": "A sleek, modern ceramic vase with a single leaf.",
      "imageUrl": "https://images.unsplash.com/photo-1704481235083-b70ae2ffee2b?crop=entropy&cs=tinysrgb&fit=max&fm=jpg&ixid=M3w3NDE5ODJ8MHwxfHNlYXJjaHwxMHx8Y2VyYW1pYyUyMHZhc2V8ZW58MHx8fHwxNzYxMzk2ODAyfDA&ixlib=rb-4.1.0&q=80&w=1080",
      "imageHint": "ceramic vase"
    },
    {
      "id": "prod-3",
      "description": "A set of geometric-patterned cushions.",
      "imageUrl": "https://images.unsplash.com/photo-1613755066379-43c0df1c7d6b?crop=entropy&cs=tinysrgb&fit=max&fm=jpg&ixid=M3w3NDE5ODJ8MHwxfHNlYXJjaHw2fHxwYXR0ZXJuZWQlMjBjdXNoaW9uc3xlbnwwfHx8fDE3NjE0MTMwMzF8MA&ixlib=rb-4.1.0&q=80&w=1080",
      "imageHint": "patterned cushions"
    },
    {
      "id": "prod-4",
      "description": "A stylish desk lamp with an industrial design.",
      "imageUrl": "https://images.unsplash.com/photo-1582356630861-61bb9b41f541?crop=entropy&cs=tinysrgb&fit=max&fm=jpg&ixid=M3w3NDE5ODJ8MHwxfHNlYXJjaHw1fHxkZXNrJTIwbGFtcHxlbnwwfHx8fDE3NjEzNTQ0MDh8MA&ixlib=rb-4.1.0&q=80&w=1080",
      "imageHint": "desk lamp"
    },
    {
      "id": "prod-5",
      "description": "A collection of small succulent plants in concrete pots.",
      "imageUrl": "https://images.unsplash.com/photo-1651312166126-151f9f6810cb?crop=entropy&cs=tinysrgb&fit=max&fm=jpg&ixid=M3w3NDE5ODJ8MHwxfHNlYXJjaHw3fHxzdWNjdWxlbnQlMjBwbGFudHN8ZW58MHx8fHwxNzYxMzczMzg2fDA&ixlib=rb-4.1.0&q=80&w=1080",
      "imageHint": "succulent plants"
    },
    {
      "id": "prod-6",
      "description": "A textured throw blanket draped over a sofa.",
      "imageUrl": "https://images.unsplash.com/photo-1721618877249-2a34c7531b47?crop=entropy&cs=tinysrgb&fit=max&fm=jpg&ixid=M3w3NDE5ODJ8MHwxfHNlYXJjaHwxMHx8dGhyb3clMjBibGFua2V0fGVufDB8fHx8MTc2MTQxMzAzMnww&ixlib=rb-4.1.0&q=80&w=1080",
      "imageHint": "throw blanket"
    },
    {
      "id": "prod-7",
      "description": "Abstract wall art with a gold frame.",
      "imageUrl": "https://images.unsplash.com/photo-1586023492125-27b2c045efd7?crop=entropy&cs=tinysrgb&fit=max&fm=jpg&ixid=M3w3NDE5ODJ8MHwxfHNlYXJjaHwxfHx3YWxsJTIwYXJ0fGVufDB8fHx8MTc2MTM0NTUyMHww&ixlib=rb-4.1.0&q=80&w=1080",
      "imageHint": "wall art"
    },
    {
      "id": "prod-8",
      "description": "A modern, minimalist alarm clock on a nightstand.",
      "imageUrl": "https://images.unsplash.com/photo-1692217924288-f9627498970f?crop=entropy&cs=tinysrgb&fit=max&fm=jpg&ixid=M3w3NDE5ODJ8MHwxfHNlYXJjaHw3fHxtb2Rlcm4lMjBjbG9ja3xlbnwwfHx8fDE3NjE0MTMwMzF8MA&ixlib=rb-4.1.0&q=80&w=1080",
      "imageHint": "modern clock"
    },
    {
      "id": "prod-9",
      "description": "A high-tech wireless speaker with a sleek design.",
      "imageUrl": "https://images.unsplash.com/photo-1599605571400-84c8410dc889?crop=entropy&cs=tinysrgb&fit=max&fm=jpg&ixid=M3w3NDE5ODJ8MHwxfHNlYXJjaHw4fHx3aXJlbGVzcyUyMHNwZWFrZXJ8ZW58MHx8fHwxNzYxNDEzMDMxfDA&ixlib=rb-4.1.0&q=80&w=1080",
      "imageHint": "wireless speaker"
    },
    {
      "id": "prod-10",
      "description": "An ergonomic office chair with mesh back.",
      "imageUrl": "https://images.unsplash.com/photo-1541558869434-2840d308329a?crop=entropy&cs=tinysrgb&fit=max&fm=jpg&ixid=M3w3NDE5ODJ8MHwxfHNlYXJjaHw2fHxvZmZpY2UlMjBjaGFpcnxlbnwwfHx8fDE3NjEyODk4NzB8MA&ixlib=rb-4.1.0&q=80&w=1080",
      "imageHint": "office chair"
    },
    {
      "id": "prod-11",
      "description": "A smart coffee mug that maintains temperature.",
      "imageUrl": "https://images.unsplash.com/photo-1761311984592-9f27e34dd9ae?crop=entropy&cs=tinysrgb&fit=max&fm=jpg&ixid=M3w3NDE5ODJ8MHwxfHNlYXJjaHwzfHxzbWFydCUyMG11Z3xlbnwwfHx8fDE3NjE0MTMwMzF8MA&ixlib=rb-4.1.0&q=80&w=1080",
      "imageHint": "smart mug"
    },
    {
      "id": "prod-12",
      "description": "A set of high-quality noise-cancelling headphones.",
      "imageUrl": "https://images.unsplash.com/photo-1618366712010-f4ae9c647dcb?crop=entropy&cs=tinysrgb&fit=max&fm=jpg&ixid=M3w3NDE5ODJ8MHwxfHNlYXJjaHwyfHxoZWFkcGhvbmVzfGVufDB8fHx8MTc2MTMzMDU1Mnww&ixlib=rb-4.1.0&q=80&w=1080",
      "imageHint": "headphones"
    },
    {
      "id": "prod-13",
      "description": "A book about design on a coffee table.",
      "imageUrl": "https://images.unsplash.com/photo-1521747116042-5a810fda9664?crop=entropy&cs=tinysrgb&fit=max&fm=jpg&ixid=M3w3NDE5ODJ8MHwxfHNlYXJjaHwxfHxkZXNpZ24lMjBib29rfGVufDB8fHx8MTc2MjE4NjA4NXww&ixlib=rb-4.1.0&q=80&w=1080",
      "imageHint": "design book"
    },
    {
      "id": "prod-14",
      "description": "A plain white organic cotton t-shirt.",
      "imageUrl": "https://images.unsplash.com/photo-1620799139507-2a76f79a2f4d?crop=entropy&cs=tinysrgb&fit=max&fm=jpg&ixid=M3w3NDE5ODJ8MHwxfHNlYXJjaHw0fHxwY3V0dG9uJTIwdCUyMHNoaXJ0fGVufDB8fHx8MTc2MjE4NjEwNnww&ixlib=rb-4.1.0&q=80&w=1080",
      "imageHint": "cotton t-shirt"
    },
    {
      "id": "prod-15",
      "description": "Minimalist floating shelves on a wall.",
      "imageUrl": "https://images.unsplash.com/photo-1594398935413-5a043a571217?crop=entropy&cs=tinysrgb&fit=max&fm=jpg&ixid=M3w3NDE5ODJ8MHwxfHNlYXJjaHwxfHxmbG9hdGluZyUyMHNoZWx2ZXN8ZW58MHx8fHwxNzYyMTg2MTMwfDA&ixlib=rb-4.1.0&q=80&w=1080",
      "imageHint": "floating shelves"
    },
    {
      "id": "prod-16",
      "description": "An indoor smart garden with small plants growing.",
      "imageUrl": "https://images.unsplash.com/photo-1632194602937-2339c94025a1?crop=entropy&cs=tinysrgb&fit=max&fm=jpg&ixid=M3w3NDE5ODJ8MHwxfHNlYXJjaHwxfHxzbWFydCUyMGdhcmRlbnxlbnwwfHx8fDE3NjIxODYxNTF8MA&ixlib=rb-4.1.0&q=80&w=1080",
      "imageHint": "smart garden"
    }
  ]
}